device_id,field_id,temperature,humidity,ec_value,ph_value,collect_time,data_status,longitude,latitude,altitude
DEVICE_FIELD_001_001,FIELD_001,16.3,88.46,1.778,6.95,2026-01-12 16:50:41,0,116.397083,39.909027,54.28
DEVICE_FIELD_001_001,FIELD_001,15.64,81.32,1.655,7.25,2026-01-12 17:50:41,0,116.397843,39.906875,56.46
DEVICE_FIELD_001_001,FIELD_001,10.95,75.21,1.557,7.13,2026-01-12 18:50:41,0,116.398356,39.909359,55.55
DEVICE_FIELD_001_001,FIELD_001,12.96,78.57,1.758,6.9,2026-01-12 19:50:41,0,116.396525,39.910365,51.83
DEVICE_FIELD_001_001,FIELD_001,15.78,82.52,1.825,6.7,2026-01-12 20:50:41,0,116.396193,39.910239,53.11
DEVICE_FIELD_001_001,FIELD_001,16.63,77.79,1.754,6.88,2026-01-12 21:50:41,0,116.396361,39.908952,47.61
DEVICE_FIELD_001_001,FIELD_001,16.76,73.72,1.688,7.21,2026-01-12 22:50:41,0,116.395919,39.908499,50.47
DEVICE_FIELD_001_001,FIELD_001,21.92,69.74,1.608,6.99,2026-01-12 23:50:41,0,116.397596,39.910281,39.38
DEVICE_FIELD_001_001,FIELD_001,25.05,80.77,1.662,7.3,2026-01-13 00:50:41,0,116.396952,39.908588,43.76
DEVICE_FIELD_001_001,FIELD_001,8.59,54.95,2.388,8.87,2026-01-13 01:50:41,1,116.395932,39.908753,57.14
DEVICE_FIELD_001_001,FIELD_001,27.05,79.96,1.639,6.81,2026-01-13 02:50:41,0,116.398061,39.910038,59.92
DEVICE_FIELD_001_001,FIELD_001,27.1,77.34,1.69,7.18,2026-01-13 03:50:41,0,116.396007,39.910059,56.68
DEVICE_FIELD_001_001,FIELD_001,28.48,72.07,1.667,7.14,2026-01-13 04:50:41,0,116.396804,39.909099,50.09
DEVICE_FIELD_001_001,FIELD_001,29.95,70.34,1.466,7.19,2026-01-13 05:50:41,0,116.397398,39.90812,52.73
DEVICE_FIELD_001_001,FIELD_001,31.28,68.08,1.721,7.06,2026-01-13 06:50:41,0,116.397758,39.909735,50.16
DEVICE_FIELD_001_001,FIELD_001,30.03,66.96,1.528,7.31,2026-01-13 07:50:41,0,116.397448,39.908692,49.23
DEVICE_FIELD_001_001,FIELD_001,28.3,60.11,1.564,7.05,2026-01-13 08:50:41,0,116.397317,39.909946,50.77
DEVICE_FIELD_001_001,FIELD_001,25.31,65.65,1.541,7.56,2026-01-13 09:50:41,0,116.398167,39.909381,47.42
DEVICE_FIELD_001_001,FIELD_001,26.15,63.1,1.534,6.9,2026-01-13 10:50:41,0,116.397633,39.909591,52.32
DEVICE_FIELD_001_001,FIELD_001,25.85,76.24,1.758,7.25,2026-01-13 11:50:41,0,116.397673,39.91049,63.45
DEVICE_FIELD_001_001,FIELD_001,22.78,72.97,1.769,6.92,2026-01-13 12:50:41,0,116.397348,39.909697,56.39
DEVICE_FIELD_001_001,FIELD_001,20.44,76.71,1.626,7.27,2026-01-13 13:50:41,0,116.39792,39.910179,55.66
DEVICE_FIELD_001_001,FIELD_001,20.57,69.56,1.7,7.05,2026-01-13 14:50:41,0,116.397882,39.911094,59.01
DEVICE_FIELD_001_001,FIELD_001,13.71,81.03,1.886,7.21,2026-01-13 15:50:41,0,116.396316,39.909545,43.35
DEVICE_FIELD_001_001,FIELD_001,18.94,70.64,1.718,7.01,2026-01-13 16:50:41,0,116.39881,39.908522,36.78
DEVICE_FIELD_001_001,FIELD_001,14.7,92.75,1.851,7.33,2026-01-13 17:50:41,0,116.395767,39.911754,53.49
DEVICE_FIELD_001_001,FIELD_001,14.14,76.58,1.713,7.21,2026-01-13 18:50:41,0,116.397303,39.908783,47.06
DEVICE_FIELD_001_001,FIELD_001,14.6,75.12,1.515,6.69,2026-01-13 19:50:41,0,116.396721,39.91008,46.56
DEVICE_FIELD_001_001,FIELD_001,12.4,80.56,1.763,7.28,2026-01-13 20:50:41,0,116.396823,39.909707,62.87
DEVICE_FIELD_001_001,FIELD_001,19.25,70.78,1.613,7.19,2026-01-13 21:50:41,0,116.396874,39.909325,52.05
DEVICE_FIELD_001_001,FIELD_001,16.92,82.3,1.697,7.02,2026-01-13 22:50:41,0,116.396104,39.908961,51.12
DEVICE_FIELD_001_001,FIELD_001,20.35,78.42,1.849,7.03,2026-01-13 23:50:41,0,116.396052,39.90995,52.8
DEVICE_FIELD_001_001,FIELD_001,20.6,66.51,1.52,7.07,2026-01-14 00:50:41,0,116.397904,39.90991,54.45
DEVICE_FIELD_001_001,FIELD_001,23.42,72.5,1.732,7.13,2026-01-14 01:50:41,0,116.39762,39.90864,46.87
DEVICE_FIELD_001_001,FIELD_001,23.27,75.4,1.862,7.1,2026-01-14 02:50:41,0,116.396724,39.90978,45.75
DEVICE_FIELD_001_001,FIELD_001,27.2,72.69,1.568,7.43,2026-01-14 03:50:41,0,116.395475,39.907531,51.55
DEVICE_FIELD_001_001,FIELD_001,17.72,74.03,0.465,7.42,2026-01-14 04:50:41,1,116.399388,39.910967,50.9
DEVICE_FIELD_001_001,FIELD_001,34.86,67.47,1.448,7.0,2026-01-14 05:50:41,0,116.397087,39.90784,53.51
DEVICE_FIELD_001_001,FIELD_001,30.18,72.3,1.614,7.37,2026-01-14 06:50:41,0,116.397308,39.909336,52.09
DEVICE_FIELD_001_001,FIELD_001,31.06,75.65,1.632,6.79,2026-01-14 07:50:41,0,116.398487,39.907573,52.63
DEVICE_FIELD_001_001,FIELD_001,26.61,71.82,1.823,7.31,2026-01-14 08:50:41,0,116.397522,39.910515,52.24
DEVICE_FIELD_001_001,FIELD_001,27.4,73.19,1.66,7.26,2026-01-14 09:50:41,0,116.395271,39.90815,58.76
DEVICE_FIELD_001_001,FIELD_001,23.92,74.1,1.727,7.11,2026-01-14 10:50:41,0,116.396616,39.908012,55.25
DEVICE_FIELD_001_001,FIELD_001,25.87,70.96,1.697,7.32,2026-01-14 11:50:41,0,116.397755,39.910035,48.59
DEVICE_FIELD_001_001,FIELD_001,21.99,76.01,1.648,6.95,2026-01-14 12:50:41,0,116.3953,39.909696,56.74
DEVICE_FIELD_001_001,FIELD_001,27.61,37.77,-0.149,7.51,2026-01-14 13:50:41,1,116.397017,39.908766,48.76
DEVICE_FIELD_001_001,FIELD_001,19.03,76.13,1.775,7.3,2026-01-14 14:50:41,0,116.397381,39.909477,53.19
DEVICE_FIELD_001_001,FIELD_001,19.44,79.06,1.685,7.03,2026-01-14 15:50:41,0,116.39852,39.908506,53.15
DEVICE_FIELD_001_001,FIELD_001,18.44,76.98,1.557,7.27,2026-01-14 16:50:41,0,116.397079,39.908358,46.43
DEVICE_FIELD_001_001,FIELD_001,13.13,83.14,1.749,7.01,2026-01-14 17:50:41,0,116.397035,39.910645,54.15
DEVICE_FIELD_001_001,FIELD_001,13.37,81.73,1.562,7.04,2026-01-14 18:50:41,0,116.396259,39.907698,50.53
DEVICE_FIELD_001_001,FIELD_001,12.26,81.41,1.531,7.06,2026-01-14 19:50:41,0,116.397753,39.909211,46.01
DEVICE_FIELD_001_001,FIELD_001,15.59,72.52,1.722,7.04,2026-01-14 20:50:41,0,116.394613,39.909483,47.63
DEVICE_FIELD_001_001,FIELD_001,18.65,70.26,1.641,7.08,2026-01-14 21:50:41,0,116.39895,39.908296,43.53
DEVICE_FIELD_001_001,FIELD_001,18.55,81.14,1.633,7.13,2026-01-14 22:50:41,0,116.397069,39.908684,53.91
DEVICE_FIELD_001_001,FIELD_001,22.22,80.66,1.806,7.04,2026-01-14 23:50:41,0,116.395541,39.909086,46.29
DEVICE_FIELD_001_001,FIELD_001,23.3,73.65,1.809,7.14,2026-01-15 00:50:41,0,116.39724,39.909111,52.92
DEVICE_FIELD_001_001,FIELD_001,22.63,73.41,1.546,7.19,2026-01-15 01:50:41,0,116.398732,39.909174,47.46
DEVICE_FIELD_001_001,FIELD_001,24.62,77.75,1.836,6.93,2026-01-15 02:50:41,0,116.396631,39.909421,49.77
DEVICE_FIELD_001_001,FIELD_001,28.79,65.43,1.654,7.02,2026-01-15 03:50:41,0,116.396875,39.907789,47.51
DEVICE_FIELD_001_001,FIELD_001,29.47,74.44,1.62,7.12,2026-01-15 04:50:41,0,116.396078,39.909049,53.86
DEVICE_FIELD_001_001,FIELD_001,29.51,59.12,1.549,6.84,2026-01-15 05:50:41,0,116.396868,39.908226,54.23
DEVICE_FIELD_001_001,FIELD_001,31.59,68.17,1.698,7.22,2026-01-15 06:50:41,0,116.398834,39.910844,46.15
DEVICE_FIELD_001_001,FIELD_001,20.56,59.49,0.658,6.59,2026-01-15 07:50:41,1,116.396035,39.907223,53.04
DEVICE_FIELD_001_001,FIELD_001,29.29,75.7,1.445,7.1,2026-01-15 08:50:41,0,116.396933,39.906598,46.21
DEVICE_FIELD_001_001,FIELD_001,29.16,79.09,1.729,7.08,2026-01-15 09:50:41,0,116.39818,39.909228,50.65
DEVICE_FIELD_001_001,FIELD_001,28.06,71.85,1.605,7.1,2026-01-15 10:50:41,0,116.397733,39.907566,55.36
DEVICE_FIELD_001_001,FIELD_001,18.95,66.15,2.586,6.59,2026-01-15 11:50:41,1,116.397754,39.909989,54.78
DEVICE_FIELD_001_001,FIELD_001,26.34,69.42,1.562,6.65,2026-01-15 12:50:41,0,116.396373,39.908806,58.78
DEVICE_FIELD_001_001,FIELD_001,18.6,75.82,1.81,6.96,2026-01-15 13:50:41,0,116.395806,39.91009,49.12
DEVICE_FIELD_001_001,FIELD_001,16.12,85.88,1.898,6.7,2026-01-15 14:50:41,0,116.395414,39.909911,49.09
DEVICE_FIELD_001_001,FIELD_001,18.35,75.44,1.705,7.25,2026-01-15 15:50:41,0,116.39719,39.91009,52.09
DEVICE_FIELD_001_001,FIELD_001,16.54,63.7,1.599,6.9,2026-01-15 16:50:41,0,116.39767,39.908847,52.96
DEVICE_FIELD_001_001,FIELD_001,15.28,67.38,3.073,7.24,2026-01-15 17:50:41,1,116.396578,39.909637,50.14
DEVICE_FIELD_001_001,FIELD_001,15.2,71.1,1.859,6.94,2026-01-15 18:50:41,0,116.396492,39.907797,53.97
DEVICE_FIELD_001_001,FIELD_001,17.1,78.76,1.492,6.97,2026-01-15 19:50:41,0,116.395826,39.909847,42.68
DEVICE_FIELD_001_001,FIELD_001,6.25,78.32,1.831,6.76,2026-01-15 20:50:41,1,116.396421,39.908592,54.74
DEVICE_FIELD_001_001,FIELD_001,18.85,70.22,1.538,6.93,2026-01-15 21:50:41,0,116.397119,39.908994,53.07
DEVICE_FIELD_001_001,FIELD_001,16.39,82.53,1.748,6.95,2026-01-15 22:50:41,0,116.39461,39.910987,58.38
DEVICE_FIELD_001_001,FIELD_001,19.25,72.67,1.5,6.88,2026-01-15 23:50:41,0,116.396819,39.907036,52.19
DEVICE_FIELD_001_001,FIELD_001,23.31,75.1,1.655,6.98,2026-01-16 00:50:41,0,116.396857,39.91058,42.54
DEVICE_FIELD_001_001,FIELD_001,24.86,65.95,1.69,6.79,2026-01-16 01:50:41,0,116.398606,39.909547,46.49
DEVICE_FIELD_001_001,FIELD_001,26.46,72.88,1.704,7.46,2026-01-16 02:50:41,0,116.397612,39.908207,45.93
DEVICE_FIELD_001_001,FIELD_001,31.65,75.82,1.619,7.25,2026-01-16 03:50:41,0,116.398161,39.910884,57.78
DEVICE_FIELD_001_001,FIELD_001,28.23,71.96,1.654,6.76,2026-01-16 04:50:41,0,116.396101,39.908347,43.46
DEVICE_FIELD_001_001,FIELD_001,31.92,67.92,1.517,6.43,2026-01-16 05:50:41,0,116.396408,39.908636,43.63
DEVICE_FIELD_001_001,FIELD_001,35.2,68.46,1.537,6.78,2026-01-16 06:50:41,0,116.397659,39.909952,51.49
DEVICE_FIELD_001_001,FIELD_001,28.99,70.89,1.615,6.97,2026-01-16 07:50:41,0,116.397041,39.909208,55.86
DEVICE_FIELD_001_001,FIELD_001,28.98,67.71,1.516,6.8,2026-01-16 08:50:41,0,116.39714,39.909036,54.63
DEVICE_FIELD_001_001,FIELD_001,25.43,82.06,1.744,6.89,2026-01-16 09:50:41,0,116.397787,39.908354,51.85
DEVICE_FIELD_001_001,FIELD_001,27.58,66.35,1.574,6.69,2026-01-16 10:50:41,0,116.396641,39.909406,52.89
DEVICE_FIELD_001_001,FIELD_001,23.36,76.06,1.527,7.11,2026-01-16 11:50:41,0,116.395077,39.90878,38.22
DEVICE_FIELD_001_001,FIELD_001,23.28,71.88,1.521,6.66,2026-01-16 12:50:41,0,116.398327,39.909573,45.78
DEVICE_FIELD_001_001,FIELD_001,22.74,71.95,1.621,7.28,2026-01-16 13:50:41,0,116.398077,39.909164,48.85
DEVICE_FIELD_001_001,FIELD_001,18.63,80.12,1.937,7.14,2026-01-16 14:50:41,0,116.397109,39.911103,57.38
DEVICE_FIELD_001_001,FIELD_001,18.03,77.09,1.615,7.23,2026-01-16 15:50:41,0,116.396596,39.908198,54.09
DEVICE_FIELD_001_001,FIELD_001,18.36,67.78,1.737,6.74,2026-01-16 16:50:41,0,116.397849,39.910032,42.01
DEVICE_FIELD_001_001,FIELD_001,11.71,72.92,1.619,7.25,2026-01-16 17:50:41,0,116.396938,39.909543,51.5
DEVICE_FIELD_001_001,FIELD_001,16.73,71.19,1.58,6.81,2026-01-16 18:50:41,0,116.396553,39.909477,49.91
DEVICE_FIELD_001_001,FIELD_001,15.25,77.18,1.818,6.91,2026-01-16 19:50:41,0,116.397603,39.90848,51.73
DEVICE_FIELD_001_001,FIELD_001,12.5,75.13,1.384,6.82,2026-01-16 20:50:41,0,116.398336,39.908892,50.29
DEVICE_FIELD_001_001,FIELD_001,16.8,111.28,1.328,6.39,2026-01-16 21:50:41,1,116.397733,39.910041,51.29
DEVICE_FIELD_001_001,FIELD_001,18.11,86.22,1.847,7.19,2026-01-16 22:50:41,0,116.397996,39.90866,48.74
DEVICE_FIELD_001_001,FIELD_001,20.34,74.82,1.612,6.56,2026-01-16 23:50:41,0,116.397716,39.909821,44.06
DEVICE_FIELD_001_001,FIELD_001,23.38,74.07,1.634,7.21,2026-01-17 00:50:41,0,116.396362,39.909333,54.24
DEVICE_FIELD_001_001,FIELD_001,25.3,78.26,1.584,6.59,2026-01-17 01:50:41,0,116.39686,39.910753,56.51
DEVICE_FIELD_001_001,FIELD_001,32.37,68.47,1.766,6.93,2026-01-17 02:50:41,0,116.396543,39.908898,57.09
DEVICE_FIELD_001_001,FIELD_001,25.66,77.67,1.587,7.07,2026-01-17 03:50:41,0,116.399594,39.908743,56.0
DEVICE_FIELD_001_001,FIELD_001,30.59,69.21,1.626,7.21,2026-01-17 04:50:41,0,116.396424,39.908845,57.17
DEVICE_FIELD_001_001,FIELD_001,30.34,65.41,1.388,6.86,2026-01-17 05:50:41,0,116.39802,39.9096,40.79
DEVICE_FIELD_001_001,FIELD_001,29.87,72.38,1.507,6.88,2026-01-17 06:50:41,0,116.397077,39.909471,48.12
DEVICE_FIELD_001_001,FIELD_001,26.21,76.1,1.604,6.63,2026-01-17 07:50:41,0,116.396517,39.908224,43.21
DEVICE_FIELD_001_001,FIELD_001,33.06,75.44,1.71,6.55,2026-01-17 08:50:41,0,116.398527,39.910649,41.13
DEVICE_FIELD_001_001,FIELD_001,27.22,70.09,1.692,6.79,2026-01-17 09:50:41,0,116.396995,39.909136,48.42
DEVICE_FIELD_001_001,FIELD_001,29.43,68.47,1.63,6.95,2026-01-17 10:50:41,0,116.395546,39.909542,51.2
DEVICE_FIELD_001_001,FIELD_001,22.87,67.5,1.585,6.9,2026-01-17 11:50:41,0,116.399051,39.908807,58.89
DEVICE_FIELD_001_001,FIELD_001,20.14,77.01,1.638,7.08,2026-01-17 12:50:41,0,116.398009,39.910379,52.3
DEVICE_FIELD_001_001,FIELD_001,17.68,79.61,1.532,6.61,2026-01-17 13:50:41,0,116.397678,39.910405,53.47
DEVICE_FIELD_001_001,FIELD_001,21.76,79.26,1.543,6.89,2026-01-17 14:50:41,0,116.39673,39.908036,48.16
DEVICE_FIELD_001_001,FIELD_001,15.07,81.48,1.811,7.27,2026-01-17 15:50:41,0,116.398524,39.909852,55.57
DEVICE_FIELD_001_001,FIELD_001,16.61,71.61,1.627,7.08,2026-01-17 16:50:41,0,116.398175,39.907563,48.35
DEVICE_FIELD_001_001,FIELD_001,13.22,83.52,1.748,7.28,2026-01-17 17:50:41,0,116.396338,39.910442,52.0
DEVICE_FIELD_001_001,FIELD_001,16.07,78.45,1.602,7.36,2026-01-17 18:50:41,0,116.395881,39.9101,43.01
DEVICE_FIELD_001_001,FIELD_001,13.4,86.3,1.831,6.74,2026-01-17 19:50:41,0,116.396145,39.908547,52.82
DEVICE_FIELD_001_001,FIELD_001,15.06,81.72,1.73,6.8,2026-01-17 20:50:41,0,116.398449,39.909173,51.85
DEVICE_FIELD_001_001,FIELD_001,16.13,71.36,1.622,6.89,2026-01-17 21:50:41,0,116.397502,39.909305,51.36
DEVICE_FIELD_001_001,FIELD_001,23.52,67.98,1.669,6.93,2026-01-17 22:50:41,0,116.397322,39.908774,55.28
DEVICE_FIELD_001_001,FIELD_001,18.72,74.37,1.582,6.77,2026-01-17 23:50:41,0,116.398621,39.90746,46.35
DEVICE_FIELD_001_001,FIELD_001,21.68,79.33,1.668,7.0,2026-01-18 00:50:41,0,116.396945,39.907971,59.56
DEVICE_FIELD_001_001,FIELD_001,24.05,68.77,1.603,6.98,2026-01-18 01:50:41,0,116.39679,39.909267,50.07
DEVICE_FIELD_001_001,FIELD_001,25.43,73.8,1.704,7.11,2026-01-18 02:50:41,0,116.397016,39.910176,53.07
DEVICE_FIELD_001_001,FIELD_001,25.52,68.92,1.532,6.75,2026-01-18 03:50:41,0,116.398117,39.908574,40.02
DEVICE_FIELD_001_001,FIELD_001,28.1,75.84,1.684,6.89,2026-01-18 04:50:41,0,116.398433,39.91075,53.71
DEVICE_FIELD_001_001,FIELD_001,21.88,102.59,1.732,7.21,2026-01-18 05:50:41,1,116.396799,39.909088,45.93
DEVICE_FIELD_001_001,FIELD_001,30.47,65.69,1.598,7.14,2026-01-18 06:50:41,0,116.396936,39.909128,51.51
DEVICE_FIELD_001_001,FIELD_001,32.07,61.72,1.332,6.94,2026-01-18 07:50:41,0,116.395965,39.906457,44.12
DEVICE_FIELD_001_001,FIELD_001,30.41,68.07,1.672,6.78,2026-01-18 08:50:41,0,116.396962,39.908168,53.31
DEVICE_FIELD_001_001,FIELD_001,28.95,68.69,1.628,7.05,2026-01-18 09:50:41,0,116.397753,39.909935,50.51
DEVICE_FIELD_001_001,FIELD_001,28.38,68.31,1.694,6.72,2026-01-18 10:50:41,0,116.398958,39.908298,59.48
DEVICE_FIELD_001_001,FIELD_001,24.95,74.18,1.553,7.18,2026-01-18 11:50:41,0,116.399083,39.908526,46.04
DEVICE_FIELD_001_001,FIELD_001,22.75,71.01,1.527,6.82,2026-01-18 12:50:41,0,116.397628,39.909782,52.61
DEVICE_FIELD_001_001,FIELD_001,20.17,66.76,1.66,6.76,2026-01-18 13:50:41,0,116.39618,39.90906,53.02
DEVICE_FIELD_001_001,FIELD_001,22.73,76.09,1.587,7.08,2026-01-18 14:50:41,0,116.396847,39.909361,46.44
DEVICE_FIELD_001_001,FIELD_001,14.46,77.67,1.593,6.68,2026-01-18 15:50:41,0,116.39775,39.910041,49.63
DEVICE_FIELD_001_001,FIELD_001,15.43,69.77,1.63,7.0,2026-01-18 16:50:41,0,116.399682,39.909623,44.28
DEVICE_FIELD_001_001,FIELD_001,15.5,82.07,1.693,7.23,2026-01-18 17:50:41,0,116.396714,39.908807,57.49
DEVICE_FIELD_001_001,FIELD_001,13.27,58.93,2.135,6.93,2026-01-18 18:50:41,1,116.397147,39.910861,42.98
DEVICE_FIELD_001_001,FIELD_001,16.55,74.15,1.561,6.96,2026-01-18 19:50:41,0,116.397154,39.910843,48.14
DEVICE_FIELD_001_001,FIELD_001,15.99,78.94,1.689,7.02,2026-01-18 20:50:41,0,116.395825,39.908839,49.68
DEVICE_FIELD_001_001,FIELD_001,16.27,78.01,1.788,6.86,2026-01-18 21:50:41,0,116.3972,39.910063,55.34
DEVICE_FIELD_001_001,FIELD_001,16.56,71.41,1.495,6.73,2026-01-18 22:50:41,0,116.398297,39.911172,48.85
DEVICE_FIELD_001_001,FIELD_001,23.57,71.95,1.567,7.18,2026-01-18 23:50:41,0,116.397694,39.908459,51.72
DEVICE_FIELD_001_001,FIELD_001,23.53,69.02,1.551,6.55,2026-01-19 00:50:41,0,116.397891,39.909814,51.85
DEVICE_FIELD_001_001,FIELD_001,27.78,70.88,1.603,6.85,2026-01-19 01:50:41,0,116.398227,39.910893,51.32
DEVICE_FIELD_001_001,FIELD_001,24.66,74.31,1.559,6.65,2026-01-19 02:50:41,0,116.396834,39.909901,50.17
DEVICE_FIELD_001_001,FIELD_001,31.18,68.2,1.426,6.9,2026-01-19 03:50:41,0,116.398449,39.908921,51.29
DEVICE_FIELD_001_001,FIELD_001,30.14,72.15,1.717,7.11,2026-01-19 04:50:41,0,116.396437,39.907034,47.87
DEVICE_FIELD_001_001,FIELD_001,22.26,87.47,2.102,6.91,2026-01-19 05:50:41,1,116.397252,39.910132,47.41
DEVICE_FIELD_001_001,FIELD_001,32.64,75.51,1.582,7.05,2026-01-19 06:50:41,0,116.395284,39.909341,46.12
DEVICE_FIELD_001_001,FIELD_001,30.57,73.15,1.444,7.17,2026-01-19 07:50:41,0,116.39792,39.909723,57.51
DEVICE_FIELD_001_001,FIELD_001,27.54,68.37,1.606,6.9,2026-01-19 08:50:41,0,116.396998,39.909978,41.26
DEVICE_FIELD_001_001,FIELD_001,27.2,75.77,1.618,6.83,2026-01-19 09:50:41,0,116.39576,39.910255,41.6
DEVICE_FIELD_001_001,FIELD_001,28.47,66.5,1.52,7.14,2026-01-19 10:50:41,0,116.398345,39.907503,50.8
DEVICE_FIELD_001_001,FIELD_001,24.74,69.47,1.589,7.34,2026-01-19 11:50:41,0,116.398307,39.908584,51.59
DEVICE_FIELD_001_001,FIELD_001,24.05,62.64,1.469,6.63,2026-01-19 12:50:41,0,116.397717,39.91003,46.29
DEVICE_FIELD_001_001,FIELD_001,19.59,75.85,1.595,6.8,2026-01-19 13:50:41,0,116.39846,39.908341,46.73
DEVICE_FIELD_001_001,FIELD_001,9.99,65.05,2.243,6.66,2026-01-19 14:50:41,1,116.397749,39.908996,48.52
DEVICE_FIELD_001_001,FIELD_001,12.69,73.24,1.416,6.78,2026-01-19 15:50:41,0,116.397417,39.910058,48.47
DEVICE_FIELD_002_001,FIELD_002,15.96,72.03,1.57,7.24,2026-01-12 16:50:41,0,116.396889,39.909869,56.93
DEVICE_FIELD_002_001,FIELD_002,13.86,74.68,1.595,6.94,2026-01-12 17:50:41,0,116.398847,39.908146,46.47
DEVICE_FIELD_002_001,FIELD_002,17.26,75.96,1.516,7.04,2026-01-12 18:50:41,0,116.396768,39.909457,49.9
DEVICE_FIELD_002_001,FIELD_002,14.14,68.55,1.599,7.01,2026-01-12 19:50:41,0,116.396499,39.90917,51.71
DEVICE_FIELD_002_001,FIELD_002,14.38,72.56,1.647,6.93,2026-01-12 20:50:41,0,116.396866,39.908355,47.5
DEVICE_FIELD_002_001,FIELD_002,21.34,83.59,1.807,6.76,2026-01-12 21:50:41,0,116.398301,39.910389,48.79
DEVICE_FIELD_002_001,FIELD_002,11.24,82.88,1.84,7.06,2026-01-12 22:50:41,0,116.396123,39.910632,43.08
DEVICE_FIELD_002_001,FIELD_002,21.05,77.21,1.753,6.88,2026-01-12 23:50:41,0,116.400077,39.909923,46.13
DEVICE_FIELD_002_001,FIELD_002,20.98,74.14,1.607,7.2,2026-01-13 00:50:41,0,116.397516,39.90834,42.23
DEVICE_FIELD_002_001,FIELD_002,22.77,57.12,2.555,6.73,2026-01-13 01:50:41,1,116.397359,39.908287,48.38
DEVICE_FIELD_002_001,FIELD_002,28.8,63.71,1.507,7.1,2026-01-13 02:50:41,0,116.396954,39.909848,46.33
DEVICE_FIELD_002_001,FIELD_002,29.28,77.82,1.762,7.34,2026-01-13 03:50:41,0,116.396979,39.908419,49.46
DEVICE_FIELD_002_001,FIELD_002,30.89,73.62,1.708,6.91,2026-01-13 04:50:41,0,116.396276,39.90984,47.57
DEVICE_FIELD_002_001,FIELD_002,28.56,73.41,1.528,6.92,2026-01-13 05:50:41,0,116.399525,39.908932,42.48
DEVICE_FIELD_002_001,FIELD_002,32.28,63.17,1.589,6.89,2026-01-13 06:50:41,0,116.396853,39.908453,46.76
DEVICE_FIELD_002_001,FIELD_002,27.92,78.49,1.672,6.96,2026-01-13 07:50:41,0,116.396618,39.909559,47.72
DEVICE_FIELD_002_001,FIELD_002,33.59,66.72,1.617,7.56,2026-01-13 08:50:41,0,116.397499,39.908967,55.06
DEVICE_FIELD_002_001,FIELD_002,26.27,68.36,1.558,7.17,2026-01-13 09:50:41,0,116.397136,39.908838,46.98
DEVICE_FIELD_002_001,FIELD_002,30.3,72.07,1.442,7.25,2026-01-13 10:50:41,0,116.397784,39.909367,49.55
DEVICE_FIELD_002_001,FIELD_002,24.09,73.39,1.71,7.04,2026-01-13 11:50:41,0,116.39774,39.909102,46.94
DEVICE_FIELD_002_001,FIELD_002,24.01,73.06,1.704,7.29,2026-01-13 12:50:41,0,116.398336,39.908036,45.14
DEVICE_FIELD_002_001,FIELD_002,19.17,72.25,1.513,6.92,2026-01-13 13:50:41,0,116.397707,39.909865,58.14
DEVICE_FIELD_002_001,FIELD_002,17.14,74.59,1.682,7.2,2026-01-13 14:50:41,0,116.395669,39.909712,51.32
DEVICE_FIELD_002_001,FIELD_002,17.45,70.94,1.633,6.59,2026-01-13 15:50:41,0,116.397184,39.910464,49.66
DEVICE_FIELD_002_001,FIELD_002,13.2,74.7,1.538,7.13,2026-01-13 16:50:41,0,116.397474,39.909222,59.68
DEVICE_FIELD_002_001,FIELD_002,3.37,83.05,1.052,7.42,2026-01-13 17:50:41,1,116.397938,39.908763,39.06
DEVICE_FIELD_002_001,FIELD_002,19.09,75.38,1.567,6.94,2026-01-13 18:50:41,0,116.399303,39.907942,50.68
DEVICE_FIELD_002_001,FIELD_002,11.26,74.97,1.573,7.14,2026-01-13 19:50:41,0,116.396818,39.909744,56.35
DEVICE_FIELD_002_001,FIELD_002,17.13,74.78,1.582,7.3,2026-01-13 20:50:41,0,116.396664,39.908847,47.64
DEVICE_FIELD_002_001,FIELD_002,16.83,75.89,1.582,7.3,2026-01-13 21:50:41,0,116.398106,39.908056,52.69
DEVICE_FIELD_002_001,FIELD_002,19.48,74.27,1.653,6.93,2026-01-13 22:50:41,0,116.397685,39.909831,49.25
DEVICE_FIELD_002_001,FIELD_002,23.09,64.01,1.436,7.26,2026-01-13 23:50:41,0,116.397635,39.911176,44.92
DEVICE_FIELD_002_001,FIELD_002,22.2,73.14,1.553,7.08,2026-01-14 00:50:41,0,116.39762,39.908979,60.66
DEVICE_FIELD_002_001,FIELD_002,43.89,76.02,1.638,7.29,2026-01-14 01:50:41,1,116.396009,39.908862,50.04
DEVICE_FIELD_002_001,FIELD_002,24.78,72.39,1.701,7.47,2026-01-14 02:50:41,0,116.398273,39.911209,42.85
DEVICE_FIELD_002_001,FIELD_002,28.7,70.22,1.483,7.08,2026-01-14 03:50:41,0,116.396706,39.908557,57.64
DEVICE_FIELD_002_001,FIELD_002,28.67,64.14,1.611,6.67,2026-01-14 04:50:41,0,116.396723,39.909078,50.56
DEVICE_FIELD_002_001,FIELD_002,33.64,76.77,1.7,7.37,2026-01-14 05:50:41,0,116.397083,39.908904,42.99
DEVICE_FIELD_002_001,FIELD_002,27.12,78.78,1.752,7.16,2026-01-14 06:50:41,0,116.39785,39.910014,50.39
DEVICE_FIELD_002_001,FIELD_002,29.93,69.53,1.693,7.05,2026-01-14 07:50:41,0,116.396649,39.910063,48.61
DEVICE_FIELD_002_001,FIELD_002,30.26,69.49,1.606,7.14,2026-01-14 08:50:41,0,116.397275,39.909635,52.44
DEVICE_FIELD_002_001,FIELD_002,27.18,67.18,1.567,7.15,2026-01-14 09:50:41,0,116.397445,39.908689,55.43
DEVICE_FIELD_002_001,FIELD_002,25.69,66.85,1.542,7.02,2026-01-14 10:50:41,0,116.396874,39.909209,53.5
DEVICE_FIELD_002_001,FIELD_002,22.26,69.41,1.699,6.73,2026-01-14 11:50:41,0,116.399113,39.910807,53.35
DEVICE_FIELD_002_001,FIELD_002,24.64,69.71,1.638,7.03,2026-01-14 12:50:41,0,116.397825,39.90976,49.77
DEVICE_FIELD_002_001,FIELD_002,20.54,85.99,1.655,7.33,2026-01-14 13:50:41,0,116.398403,39.909616,55.85
DEVICE_FIELD_002_001,FIELD_002,15.39,81.82,1.774,7.15,2026-01-14 14:50:41,0,116.398331,39.908596,48.99
DEVICE_FIELD_002_001,FIELD_002,14.28,75.87,1.681,7.31,2026-01-14 15:50:41,0,116.397224,39.910496,50.32
DEVICE_FIELD_002_001,FIELD_002,13.31,74.72,1.731,6.98,2026-01-14 16:50:41,0,116.398467,39.910608,46.19
DEVICE_FIELD_002_001,FIELD_002,14.2,79.53,1.675,7.12,2026-01-14 17:50:41,0,116.397504,39.910371,56.84
DEVICE_FIELD_002_001,FIELD_002,16.88,71.52,1.567,6.99,2026-01-14 18:50:41,0,116.398093,39.909208,48.43
DEVICE_FIELD_002_001,FIELD_002,15.91,80.92,1.755,7.18,2026-01-14 19:50:41,0,116.3973,39.910264,49.84
DEVICE_FIELD_002_001,FIELD_002,10.74,76.23,1.817,7.01,2026-01-14 20:50:41,0,116.398542,39.908723,51.82
DEVICE_FIELD_002_001,FIELD_002,19.64,77.36,1.782,7.43,2026-01-14 21:50:41,0,116.398847,39.907544,45.45
DEVICE_FIELD_002_001,FIELD_002,16.77,79.89,1.648,6.97,2026-01-14 22:50:41,0,116.396223,39.909763,54.07
DEVICE_FIELD_002_001,FIELD_002,18.5,67.91,1.649,7.19,2026-01-14 23:50:41,0,116.39638,39.910032,47.4
DEVICE_FIELD_002_001,FIELD_002,21.22,74.4,1.498,7.48,2026-01-15 00:50:41,0,116.39782,39.907683,51.87
DEVICE_FIELD_002_001,FIELD_002,25.27,71.12,1.77,7.27,2026-01-15 01:50:41,0,116.398587,39.9086,53.41
DEVICE_FIELD_002_001,FIELD_002,28.47,75.49,1.688,6.93,2026-01-15 02:50:41,0,116.397266,39.910614,54.82
DEVICE_FIELD_002_001,FIELD_002,29.1,75.87,1.732,6.96,2026-01-15 03:50:41,0,116.397807,39.910396,47.46
DEVICE_FIELD_002_001,FIELD_002,29.83,75.84,1.853,7.22,2026-01-15 04:50:41,0,116.39644,39.90945,53.44
DEVICE_FIELD_002_001,FIELD_002,30.75,61.6,1.473,7.11,2026-01-15 05:50:41,0,116.395566,39.908996,53.59
DEVICE_FIELD_002_001,FIELD_002,29.94,64.19,1.671,7.07,2026-01-15 06:50:41,0,116.397548,39.91024,53.93
DEVICE_FIELD_002_001,FIELD_002,30.02,69.44,1.516,7.02,2026-01-15 07:50:41,0,116.395584,39.911337,48.42
DEVICE_FIELD_002_001,FIELD_002,27.22,73.21,1.647,7.16,2026-01-15 08:50:41,0,116.397772,39.91173,42.24
DEVICE_FIELD_002_001,FIELD_002,27.16,74.04,1.718,7.34,2026-01-15 09:50:41,0,116.39841,39.910116,55.03
DEVICE_FIELD_002_001,FIELD_002,28.83,69.83,1.528,6.89,2026-01-15 10:50:41,0,116.397417,39.909525,49.44
DEVICE_FIELD_002_001,FIELD_002,25.02,77.62,1.753,6.92,2026-01-15 11:50:41,0,116.396435,39.912298,45.38
DEVICE_FIELD_002_001,FIELD_002,20.63,70.11,1.795,7.18,2026-01-15 12:50:41,0,116.397789,39.909489,46.73
DEVICE_FIELD_002_001,FIELD_002,21.42,81.44,1.713,7.19,2026-01-15 13:50:41,0,116.398582,39.909339,53.57
DEVICE_FIELD_002_001,FIELD_002,16.6,80.0,1.775,6.9,2026-01-15 14:50:41,0,116.397708,39.90917,47.44
DEVICE_FIELD_002_001,FIELD_002,12.94,75.1,1.64,6.83,2026-01-15 15:50:41,0,116.395698,39.910615,51.18
DEVICE_FIELD_002_001,FIELD_002,15.33,81.67,1.714,6.84,2026-01-15 16:50:41,0,116.396523,39.909253,42.35
DEVICE_FIELD_002_001,FIELD_002,10.95,78.31,1.638,6.82,2026-01-15 17:50:41,0,116.397799,39.908123,55.85
DEVICE_FIELD_002_001,FIELD_002,13.99,66.63,1.691,7.35,2026-01-15 18:50:41,0,116.397236,39.90902,55.39
DEVICE_FIELD_002_001,FIELD_002,35.65,68.85,2.167,7.38,2026-01-15 19:50:41,1,116.397311,39.90774,48.24
DEVICE_FIELD_002_001,FIELD_002,15.41,69.73,1.656,7.06,2026-01-15 20:50:41,0,116.39656,39.91093,45.06
DEVICE_FIELD_002_001,FIELD_002,18.04,74.2,1.774,7.18,2026-01-15 21:50:41,0,116.397454,39.908655,51.0
DEVICE_FIELD_002_001,FIELD_002,17.57,73.1,1.702,6.87,2026-01-15 22:50:41,0,116.399096,39.908942,48.95
DEVICE_FIELD_002_001,FIELD_002,20.2,74.76,1.464,6.98,2026-01-15 23:50:41,0,116.398007,39.911069,60.43
DEVICE_FIELD_002_001,FIELD_002,22.48,62.71,1.471,6.94,2026-01-16 00:50:41,0,116.398791,39.911601,44.24
DEVICE_FIELD_002_001,FIELD_002,21.69,76.87,1.666,6.89,2026-01-16 01:50:41,0,116.395674,39.909121,43.13
DEVICE_FIELD_002_001,FIELD_002,28.11,67.64,1.546,6.76,2026-01-16 02:50:41,0,116.399007,39.909442,37.63
DEVICE_FIELD_002_001,FIELD_002,27.19,61.84,1.565,7.04,2026-01-16 03:50:41,0,116.397596,39.90768,50.99
DEVICE_FIELD_002_001,FIELD_002,31.22,73.94,1.626,7.13,2026-01-16 04:50:41,0,116.396576,39.908458,57.4
DEVICE_FIELD_002_001,FIELD_002,34.0,74.21,1.574,7.31,2026-01-16 05:50:41,0,116.397534,39.90739,57.26
DEVICE_FIELD_002_001,FIELD_002,29.51,66.12,1.646,7.12,2026-01-16 06:50:41,0,116.39787,39.909841,63.14
DEVICE_FIELD_002_001,FIELD_002,32.33,73.96,1.867,6.78,2026-01-16 07:50:41,0,116.397245,39.908114,45.14
DEVICE_FIELD_002_001,FIELD_002,30.31,72.84,1.544,6.8,2026-01-16 08:50:41,0,116.398124,39.910729,53.73
DEVICE_FIELD_002_001,FIELD_002,26.67,60.1,1.255,6.98,2026-01-16 09:50:41,0,116.3971,39.908316,50.43
DEVICE_FIELD_002_001,FIELD_002,26.16,68.88,1.487,6.95,2026-01-16 10:50:41,0,116.396835,39.907913,48.92
DEVICE_FIELD_002_001,FIELD_002,26.29,70.61,1.865,7.08,2026-01-16 11:50:41,0,116.398903,39.909693,42.11
DEVICE_FIELD_002_001,FIELD_002,21.06,64.94,1.513,7.15,2026-01-16 12:50:41,0,116.396856,39.910513,54.97
DEVICE_FIELD_002_001,FIELD_002,20.35,69.99,1.589,6.98,2026-01-16 13:50:41,0,116.397211,39.908803,36.31
DEVICE_FIELD_002_001,FIELD_002,18.86,75.9,1.761,6.81,2026-01-16 14:50:41,0,116.396662,39.910309,47.96
DEVICE_FIELD_002_001,FIELD_002,15.45,73.58,1.685,7.28,2026-01-16 15:50:41,0,116.396024,39.906476,46.18
DEVICE_FIELD_002_001,FIELD_002,17.2,76.85,1.714,7.07,2026-01-16 16:50:41,0,116.396443,39.910813,52.06
DEVICE_FIELD_002_001,FIELD_002,15.48,79.27,1.605,6.82,2026-01-16 17:50:41,0,116.39848,39.908958,53.55
DEVICE_FIELD_002_001,FIELD_002,14.25,81.88,1.727,6.85,2026-01-16 18:50:41,0,116.399554,39.907986,49.68
DEVICE_FIELD_002_001,FIELD_002,15.5,70.68,1.532,6.72,2026-01-16 19:50:41,0,116.397343,39.909783,47.9
DEVICE_FIELD_002_001,FIELD_002,16.04,89.24,1.852,6.83,2026-01-16 20:50:41,0,116.398228,39.909172,53.17
DEVICE_FIELD_002_001,FIELD_002,14.76,81.28,1.891,6.93,2026-01-16 21:50:41,0,116.398525,39.909496,58.27
DEVICE_FIELD_002_001,FIELD_002,16.04,93.61,3.095,7.92,2026-01-16 22:50:41,1,116.397088,39.909583,56.44
DEVICE_FIELD_002_001,FIELD_002,23.94,78.33,1.564,6.77,2026-01-16 23:50:41,0,116.396774,39.909097,49.59
DEVICE_FIELD_002_001,FIELD_002,4.09,60.49,1.343,8.19,2026-01-17 00:50:41,1,116.398129,39.910269,46.68
DEVICE_FIELD_002_001,FIELD_002,21.7,76.5,1.503,7.26,2026-01-17 01:50:41,0,116.396924,39.90914,44.23
DEVICE_FIELD_002_001,FIELD_002,25.65,74.84,1.634,6.8,2026-01-17 02:50:41,0,116.396456,39.908153,47.47
DEVICE_FIELD_002_001,FIELD_002,26.81,67.37,1.515,6.75,2026-01-17 03:50:41,0,116.397758,39.908947,49.2
DEVICE_FIELD_002_001,FIELD_002,31.25,69.1,1.742,6.77,2026-01-17 04:50:41,0,116.398018,39.908866,50.22
DEVICE_FIELD_002_001,FIELD_002,28.33,70.22,1.532,6.72,2026-01-17 05:50:41,0,116.395293,39.911782,51.09
DEVICE_FIELD_002_001,FIELD_002,31.98,56.28,1.566,7.01,2026-01-17 06:50:41,0,116.396849,39.909283,52.97
DEVICE_FIELD_002_001,FIELD_002,28.82,62.67,1.66,6.87,2026-01-17 07:50:41,0,116.39838,39.90951,47.69
DEVICE_FIELD_002_001,FIELD_002,28.33,70.1,1.772,6.99,2026-01-17 08:50:41,0,116.39642,39.909772,54.77
DEVICE_FIELD_002_001,FIELD_002,28.52,70.12,1.592,7.26,2026-01-17 09:50:41,0,116.399092,39.908241,49.57
DEVICE_FIELD_002_001,FIELD_002,27.82,70.12,1.547,6.94,2026-01-17 10:50:41,0,116.397888,39.911694,45.67
DEVICE_FIELD_002_001,FIELD_002,25.39,71.47,1.539,6.78,2026-01-17 11:50:41,0,116.396396,39.90998,47.34
DEVICE_FIELD_002_001,FIELD_002,24.74,70.4,1.508,6.91,2026-01-17 12:50:41,0,116.397755,39.908303,49.65
DEVICE_FIELD_002_001,FIELD_002,22.64,62.4,1.498,6.76,2026-01-17 13:50:41,0,116.398146,39.906554,53.7
DEVICE_FIELD_002_001,FIELD_002,20.29,75.83,1.692,6.93,2026-01-17 14:50:41,0,116.396939,39.909212,48.57
DEVICE_FIELD_002_001,FIELD_002,17.77,85.38,1.628,6.93,2026-01-17 15:50:41,0,116.395426,39.909434,53.35
DEVICE_FIELD_002_001,FIELD_002,14.54,76.52,1.717,6.78,2026-01-17 16:50:41,0,116.396232,39.909112,61.69
DEVICE_FIELD_002_001,FIELD_002,13.61,83.2,1.878,6.96,2026-01-17 17:50:41,0,116.398352,39.910227,48.99
DEVICE_FIELD_002_001,FIELD_002,13.9,87.71,1.623,7.03,2026-01-17 18:50:41,0,116.395589,39.908501,45.22
DEVICE_FIELD_002_001,FIELD_002,15.35,83.08,1.531,6.75,2026-01-17 19:50:41,0,116.394976,39.908356,46.12
DEVICE_FIELD_002_001,FIELD_002,16.53,77.53,1.694,6.46,2026-01-17 20:50:41,0,116.3971,39.90936,51.36
DEVICE_FIELD_002_001,FIELD_002,14.28,72.72,1.427,6.84,2026-01-17 21:50:41,0,116.397624,39.910062,48.38
DEVICE_FIELD_002_001,FIELD_002,17.09,77.97,1.699,6.76,2026-01-17 22:50:41,0,116.397582,39.910987,58.39
DEVICE_FIELD_002_001,FIELD_002,20.04,75.97,1.607,7.17,2026-01-17 23:50:41,0,116.397925,39.90981,55.3
DEVICE_FIELD_002_001,FIELD_002,26.17,71.89,1.459,6.95,2026-01-18 00:50:41,0,116.396542,39.909774,57.24
DEVICE_FIELD_002_001,FIELD_002,24.88,70.28,1.566,7.25,2026-01-18 01:50:41,0,116.397912,39.909516,46.8
DEVICE_FIELD_002_001,FIELD_002,25.62,75.68,1.667,6.45,2026-01-18 02:50:41,0,116.399004,39.908309,48.67
DEVICE_FIELD_002_001,FIELD_002,29.34,71.75,1.647,6.77,2026-01-18 03:50:41,0,116.396594,39.908732,48.87
DEVICE_FIELD_002_001,FIELD_002,28.6,74.09,1.796,7.32,2026-01-18 04:50:41,0,116.396925,39.908867,53.6
DEVICE_FIELD_002_001,FIELD_002,27.15,67.74,1.651,6.82,2026-01-18 05:50:41,0,116.396829,39.910918,48.05
DEVICE_FIELD_002_001,FIELD_002,29.09,66.44,1.685,6.8,2026-01-18 06:50:41,0,116.396571,39.909379,50.79
DEVICE_FIELD_002_001,FIELD_002,30.89,66.96,1.82,7.09,2026-01-18 07:50:41,0,116.398884,39.909139,51.58
DEVICE_FIELD_002_001,FIELD_002,31.8,70.05,1.609,6.91,2026-01-18 08:50:41,0,116.395781,39.907852,46.68
DEVICE_FIELD_002_001,FIELD_002,27.26,69.47,1.515,6.88,2026-01-18 09:50:41,0,116.398131,39.909325,51.62
DEVICE_FIELD_002_001,FIELD_002,28.76,68.42,1.642,6.79,2026-01-18 10:50:41,0,116.395754,39.910266,53.4
DEVICE_FIELD_002_001,FIELD_002,24.54,79.97,1.674,7.27,2026-01-18 11:50:41,0,116.398073,39.909328,59.58
DEVICE_FIELD_002_001,FIELD_002,24.76,74.07,1.724,6.97,2026-01-18 12:50:41,0,116.394851,39.907363,54.64
DEVICE_FIELD_002_001,FIELD_002,20.18,73.54,1.621,6.51,2026-01-18 13:50:41,0,116.399152,39.909811,58.83
DEVICE_FIELD_002_001,FIELD_002,18.14,80.06,1.554,6.9,2026-01-18 14:50:41,0,116.396577,39.909404,58.16
DEVICE_FIELD_002_001,FIELD_002,15.03,80.75,1.87,7.28,2026-01-18 15:50:41,0,116.397211,39.910922,44.83
DEVICE_FIELD_002_001,FIELD_002,17.08,72.93,1.626,7.12,2026-01-18 16:50:41,0,116.398352,39.90898,51.75
DEVICE_FIELD_002_001,FIELD_002,15.72,77.55,1.721,6.68,2026-01-18 17:50:41,0,116.398601,39.910145,56.29
DEVICE_FIELD_002_001,FIELD_002,18.07,82.39,1.889,7.0,2026-01-18 18:50:41,0,116.398901,39.911331,56.94
DEVICE_FIELD_002_001,FIELD_002,12.78,77.53,1.733,7.06,2026-01-18 19:50:41,0,116.399933,39.909432,51.48
DEVICE_FIELD_002_001,FIELD_002,19.14,85.69,1.939,7.03,2026-01-18 20:50:41,0,116.397445,39.908121,64.13
DEVICE_FIELD_002_001,FIELD_002,19.25,63.76,1.504,7.13,2026-01-18 21:50:41,0,116.397989,39.90857,56.19
DEVICE_FIELD_002_001,FIELD_002,18.82,84.31,1.827,6.85,2026-01-18 22:50:41,0,116.396829,39.911246,56.08
DEVICE_FIELD_002_001,FIELD_002,16.54,70.66,1.53,6.79,2026-01-18 23:50:41,0,116.397955,39.909639,52.71
DEVICE_FIELD_002_001,FIELD_002,24.86,72.17,1.582,7.2,2026-01-19 00:50:41,0,116.397326,39.90815,39.27
DEVICE_FIELD_002_001,FIELD_002,24.1,75.73,1.576,7.19,2026-01-19 01:50:41,0,116.397543,39.9095,51.97
DEVICE_FIELD_002_001,FIELD_002,24.39,73.1,1.529,7.09,2026-01-19 02:50:41,0,116.396481,39.910806,42.35
DEVICE_FIELD_002_001,FIELD_002,27.87,67.55,1.515,7.64,2026-01-19 03:50:41,0,116.398406,39.908799,45.22
DEVICE_FIELD_002_001,FIELD_002,31.19,66.87,3.499,5.44,2026-01-19 04:50:41,1,116.397411,39.908464,50.39
DEVICE_FIELD_002_001,FIELD_002,31.06,65.0,1.414,6.89,2026-01-19 05:50:41,0,116.396297,39.909491,58.16
DEVICE_FIELD_002_001,FIELD_002,35.44,62.73,1.618,7.1,2026-01-19 06:50:41,0,116.396719,39.908565,46.1
DEVICE_FIELD_002_001,FIELD_002,28.78,75.64,1.615,7.02,2026-01-19 07:50:41,0,116.396356,39.908513,45.71
DEVICE_FIELD_002_001,FIELD_002,34.92,64.39,1.415,6.99,2026-01-19 08:50:41,0,116.396041,39.907758,57.92
DEVICE_FIELD_002_001,FIELD_002,25.42,74.53,1.808,6.79,2026-01-19 09:50:41,0,116.398983,39.910248,59.98
DEVICE_FIELD_002_001,FIELD_002,27.76,72.27,1.556,6.98,2026-01-19 10:50:41,0,116.399383,39.910901,46.26
DEVICE_FIELD_002_001,FIELD_002,21.77,76.4,1.801,7.02,2026-01-19 11:50:41,0,116.39501,39.909003,42.51
DEVICE_FIELD_002_001,FIELD_002,17.81,107.47,1.555,4.59,2026-01-19 12:50:41,1,116.398501,39.909379,49.14
DEVICE_FIELD_002_001,FIELD_002,25.14,68.36,1.53,6.96,2026-01-19 13:50:41,0,116.398478,39.910491,52.46
DEVICE_FIELD_002_001,FIELD_002,20.43,75.61,1.655,7.1,2026-01-19 14:50:41,0,116.397871,39.908288,54.7
DEVICE_FIELD_002_001,FIELD_002,19.27,82.95,1.493,7.63,2026-01-19 15:50:41,0,116.397183,39.908765,51.77
DEVICE_FIELD_003_001,FIELD_003,13.52,76.66,1.602,7.11,2026-01-12 16:50:41,0,116.398186,39.909089,49.83
DEVICE_FIELD_003_001,FIELD_003,11.52,84.63,1.849,6.93,2026-01-12 17:50:41,0,116.395963,39.910593,47.2
DEVICE_FIELD_003_001,FIELD_003,12.82,74.99,1.675,6.78,2026-01-12 18:50:41,0,116.397475,39.908751,46.41
DEVICE_FIELD_003_001,FIELD_003,7.39,67.8,0.826,5.72,2026-01-12 19:50:41,1,116.397741,39.910856,53.64
DEVICE_FIELD_003_001,FIELD_003,17.03,75.33,1.666,6.66,2026-01-12 20:50:41,0,116.39778,39.909407,43.58
DEVICE_FIELD_003_001,FIELD_003,14.67,71.52,1.605,7.08,2026-01-12 21:50:41,0,116.397279,39.909862,42.82
DEVICE_FIELD_003_001,FIELD_003,26.74,89.73,2.68,8.39,2026-01-12 22:50:41,1,116.39733,39.908696,45.58
DEVICE_FIELD_003_001,FIELD_003,22.38,75.53,1.541,7.07,2026-01-12 23:50:41,0,116.396374,39.91023,45.52
DEVICE_FIELD_003_001,FIELD_003,24.49,76.3,1.652,7.38,2026-01-13 00:50:41,0,116.397278,39.910336,44.54
DEVICE_FIELD_003_001,FIELD_003,21.47,80.49,1.776,6.49,2026-01-13 01:50:41,0,116.399872,39.908722,56.95
DEVICE_FIELD_003_001,FIELD_003,24.59,71.52,1.552,7.14,2026-01-13 02:50:41,0,116.397169,39.909214,47.62
DEVICE_FIELD_003_001,FIELD_003,25.25,66.48,1.454,6.83,2026-01-13 03:50:41,0,116.396678,39.911124,51.53
DEVICE_FIELD_003_001,FIELD_003,29.2,64.99,1.538,6.97,2026-01-13 04:50:41,0,116.396729,39.907983,50.71
DEVICE_FIELD_003_001,FIELD_003,28.49,78.55,1.564,6.87,2026-01-13 05:50:41,0,116.396623,39.910121,49.25
DEVICE_FIELD_003_001,FIELD_003,30.81,66.52,1.658,6.98,2026-01-13 06:50:41,0,116.396468,39.909527,48.76
DEVICE_FIELD_003_001,FIELD_003,30.85,76.14,1.729,6.67,2026-01-13 07:50:41,0,116.39639,39.912255,47.06
DEVICE_FIELD_003_001,FIELD_003,29.84,71.5,1.443,6.93,2026-01-13 08:50:41,0,116.398238,39.908829,58.57
DEVICE_FIELD_003_001,FIELD_003,29.92,67.6,1.481,7.28,2026-01-13 09:50:41,0,116.396799,39.909542,52.85
DEVICE_FIELD_003_001,FIELD_003,23.75,74.44,1.714,6.98,2026-01-13 10:50:41,0,116.398664,39.907937,48.27
DEVICE_FIELD_003_001,FIELD_003,26.88,61.99,1.683,7.02,2026-01-13 11:50:41,0,116.397961,39.909705,43.71
DEVICE_FIELD_003_001,FIELD_003,22.08,75.47,1.562,7.13,2026-01-13 12:50:41,0,116.397981,39.908553,46.65
DEVICE_FIELD_003_001,FIELD_003,20.64,71.73,1.456,7.34,2026-01-13 13:50:41,0,116.397288,39.90981,47.39
DEVICE_FIELD_003_001,FIELD_003,19.02,79.86,1.822,6.95,2026-01-13 14:50:41,0,116.39696,39.908863,56.64
DEVICE_FIELD_003_001,FIELD_003,19.73,71.21,1.527,7.08,2026-01-13 15:50:41,0,116.396757,39.908641,49.71
DEVICE_FIELD_003_001,FIELD_003,16.43,86.23,1.624,7.19,2026-01-13 16:50:41,0,116.398356,39.908319,59.9
DEVICE_FIELD_003_001,FIELD_003,14.52,66.24,1.59,6.96,2026-01-13 17:50:41,0,116.398435,39.910156,50.54
DEVICE_FIELD_003_001,FIELD_003,15.59,74.81,1.697,7.29,2026-01-13 18:50:41,0,116.396527,39.910094,51.19
DEVICE_FIELD_003_001,FIELD_003,10.68,81.56,1.855,6.94,2026-01-13 19:50:41,0,116.398464,39.909415,51.11
DEVICE_FIELD_003_001,FIELD_003,13.69,76.66,1.452,6.86,2026-01-13 20:50:41,0,116.397455,39.91085,50.93
DEVICE_FIELD_003_001,FIELD_003,13.42,67.6,1.543,6.95,2026-01-13 21:50:41,0,116.39495,39.910543,53.67
DEVICE_FIELD_003_001,FIELD_003,21.27,81.82,1.757,6.75,2026-01-13 22:50:41,0,116.398957,39.908472,51.64
DEVICE_FIELD_003_001,FIELD_003,21.71,80.71,1.741,7.34,2026-01-13 23:50:41,0,116.397418,39.908651,52.08
DEVICE_FIELD_003_001,FIELD_003,23.06,63.1,1.343,6.96,2026-01-14 00:50:41,0,116.397873,39.91114,59.61
DEVICE_FIELD_003_001,FIELD_003,23.76,79.24,1.455,7.2,2026-01-14 01:50:41,0,116.395448,39.909942,50.5
DEVICE_FIELD_003_001,FIELD_003,26.22,73.24,1.702,7.32,2026-01-14 02:50:41,0,116.397395,39.909536,49.58
DEVICE_FIELD_003_001,FIELD_003,26.26,67.01,1.467,7.29,2026-01-14 03:50:41,0,116.396886,39.908709,48.41
DEVICE_FIELD_003_001,FIELD_003,31.53,69.08,1.631,6.92,2026-01-14 04:50:41,0,116.397407,39.911669,54.38
DEVICE_FIELD_003_001,FIELD_003,33.67,61.24,1.64,7.56,2026-01-14 05:50:41,0,116.399693,39.909174,48.09
DEVICE_FIELD_003_001,FIELD_003,32.32,57.44,1.529,7.29,2026-01-14 06:50:41,0,116.398496,39.909684,47.95
DEVICE_FIELD_003_001,FIELD_003,29.79,67.96,1.526,6.8,2026-01-14 07:50:41,0,116.398958,39.908521,56.84
DEVICE_FIELD_003_001,FIELD_003,27.34,78.77,1.762,7.02,2026-01-14 08:50:41,0,116.396881,39.909516,47.48
DEVICE_FIELD_003_001,FIELD_003,28.6,72.79,1.631,7.17,2026-01-14 09:50:41,0,116.397969,39.90893,44.99
DEVICE_FIELD_003_001,FIELD_003,24.99,73.79,1.738,6.74,2026-01-14 10:50:41,0,116.396025,39.910127,52.54
DEVICE_FIELD_003_001,FIELD_003,26.61,75.96,1.53,7.26,2026-01-14 11:50:41,0,116.397029,39.908941,54.46
DEVICE_FIELD_003_001,FIELD_003,23.1,75.03,1.594,7.45,2026-01-14 12:50:41,0,116.398156,39.908724,56.21
DEVICE_FIELD_003_001,FIELD_003,20.91,72.95,1.648,6.94,2026-01-14 13:50:41,0,116.397603,39.908074,47.74
DEVICE_FIELD_003_001,FIELD_003,16.56,70.93,1.536,7.04,2026-01-14 14:50:41,0,116.396995,39.909514,54.72
DEVICE_FIELD_003_001,FIELD_003,15.06,83.63,1.582,6.8,2026-01-14 15:50:41,0,116.39608,39.907895,52.61
DEVICE_FIELD_003_001,FIELD_003,13.15,74.81,1.706,7.16,2026-01-14 16:50:41,0,116.399032,39.908967,51.98
DEVICE_FIELD_003_001,FIELD_003,16.12,76.33,2.547,6.14,2026-01-14 17:50:41,1,116.396565,39.90967,56.7
DEVICE_FIELD_003_001,FIELD_003,16.07,74.97,1.735,6.94,2026-01-14 18:50:41,0,116.398929,39.908982,47.5
DEVICE_FIELD_003_001,FIELD_003,16.48,74.68,1.748,7.07,2026-01-14 19:50:41,0,116.398587,39.909754,50.66
DEVICE_FIELD_003_001,FIELD_003,17.48,72.07,1.705,7.11,2026-01-14 20:50:41,0,116.397247,39.908979,52.93
DEVICE_FIELD_003_001,FIELD_003,14.94,84.51,1.65,7.22,2026-01-14 21:50:41,0,116.396971,39.910135,44.8
DEVICE_FIELD_003_001,FIELD_003,18.56,69.93,1.445,6.92,2026-01-14 22:50:41,0,116.396061,39.909733,51.35
DEVICE_FIELD_003_001,FIELD_003,22.98,72.0,1.633,6.89,2026-01-14 23:50:41,0,116.396014,39.909576,44.7
DEVICE_FIELD_003_001,FIELD_003,19.88,70.21,1.524,6.67,2026-01-15 00:50:41,0,116.398562,39.909041,48.49
DEVICE_FIELD_003_001,FIELD_003,24.75,74.31,1.57,6.99,2026-01-15 01:50:41,0,116.397649,39.909797,60.41
DEVICE_FIELD_003_001,FIELD_003,26.52,67.47,1.493,6.98,2026-01-15 02:50:41,0,116.39723,39.909613,47.31
DEVICE_FIELD_003_001,FIELD_003,29.61,67.41,1.548,7.14,2026-01-15 03:50:41,0,116.397266,39.910331,44.65
DEVICE_FIELD_003_001,FIELD_003,26.7,65.2,1.213,7.51,2026-01-15 04:50:41,0,116.397401,39.908472,47.24
DEVICE_FIELD_003_001,FIELD_003,27.64,66.12,1.338,7.18,2026-01-15 05:50:41,0,116.397736,39.910211,55.18
DEVICE_FIELD_003_001,FIELD_003,33.53,64.18,-0.356,7.16,2026-01-15 06:50:41,1,116.397905,39.909844,53.18
DEVICE_FIELD_003_001,FIELD_003,26.16,66.1,1.74,7.25,2026-01-15 07:50:41,0,116.395703,39.908529,37.9
DEVICE_FIELD_003_001,FIELD_003,27.67,76.65,1.8,7.16,2026-01-15 08:50:41,0,116.395765,39.909612,44.21
DEVICE_FIELD_003_001,FIELD_003,26.18,81.03,1.774,6.85,2026-01-15 09:50:41,0,116.397614,39.909461,54.39
DEVICE_FIELD_003_001,FIELD_003,24.91,67.08,1.506,7.09,2026-01-15 10:50:41,0,116.397098,39.908618,49.78
DEVICE_FIELD_003_001,FIELD_003,27.03,65.72,1.642,7.28,2026-01-15 11:50:41,0,116.396509,39.909696,52.0
DEVICE_FIELD_003_001,FIELD_003,24.15,58.7,1.553,7.25,2026-01-15 12:50:41,0,116.397744,39.907841,45.61
DEVICE_FIELD_003_001,FIELD_003,21.59,74.22,1.807,7.1,2026-01-15 13:50:41,0,116.398159,39.91092,57.49
DEVICE_FIELD_003_001,FIELD_003,18.22,70.45,1.505,6.89,2026-01-15 14:50:41,0,116.397202,39.907934,48.39
DEVICE_FIELD_003_001,FIELD_003,14.38,73.21,1.674,6.64,2026-01-15 15:50:41,0,116.398487,39.909392,53.47
DEVICE_FIELD_003_001,FIELD_003,13.3,79.96,1.781,6.89,2026-01-15 16:50:41,0,116.397269,39.909529,47.84
DEVICE_FIELD_003_001,FIELD_003,13.86,77.93,1.69,7.25,2026-01-15 17:50:41,0,116.397744,39.909236,49.3
DEVICE_FIELD_003_001,FIELD_003,12.42,82.24,1.587,6.91,2026-01-15 18:50:41,0,116.399358,39.909092,47.01
DEVICE_FIELD_003_001,FIELD_003,12.95,78.52,1.57,7.51,2026-01-15 19:50:41,0,116.396966,39.907409,53.72
DEVICE_FIELD_003_001,FIELD_003,15.75,75.89,1.671,6.69,2026-01-15 20:50:41,0,116.396074,39.909812,57.35
DEVICE_FIELD_003_001,FIELD_003,16.5,73.77,1.489,6.89,2026-01-15 21:50:41,0,116.398574,39.909945,48.4
DEVICE_FIELD_003_001,FIELD_003,17.36,94.58,1.549,8.33,2026-01-15 22:50:41,1,116.398305,39.907223,60.16
DEVICE_FIELD_003_001,FIELD_003,19.76,67.78,1.657,7.04,2026-01-15 23:50:41,0,116.397924,39.909349,49.94
DEVICE_FIELD_003_001,FIELD_003,19.38,80.91,1.803,6.82,2026-01-16 00:50:41,0,116.398583,39.908242,47.16
DEVICE_FIELD_003_001,FIELD_003,24.98,75.78,1.644,6.91,2026-01-16 01:50:41,0,116.397155,39.908494,53.37
DEVICE_FIELD_003_001,FIELD_003,25.78,64.1,1.516,7.13,2026-01-16 02:50:41,0,116.396353,39.910652,55.29
DEVICE_FIELD_003_001,FIELD_003,28.67,73.83,1.671,7.45,2026-01-16 03:50:41,0,116.396619,39.909585,44.55
DEVICE_FIELD_003_001,FIELD_003,29.65,74.8,1.567,7.04,2026-01-16 04:50:41,0,116.396759,39.910646,53.01
DEVICE_FIELD_003_001,FIELD_003,31.94,69.38,1.589,6.6,2026-01-16 05:50:41,0,116.398035,39.908325,48.71
DEVICE_FIELD_003_001,FIELD_003,32.53,63.55,1.632,6.93,2026-01-16 06:50:41,0,116.397579,39.908291,54.21
DEVICE_FIELD_003_001,FIELD_003,30.42,74.05,1.631,7.0,2026-01-16 07:50:41,0,116.396294,39.907929,44.65
DEVICE_FIELD_003_001,FIELD_003,29.8,65.7,1.55,7.18,2026-01-16 08:50:41,0,116.397798,39.908622,45.51
DEVICE_FIELD_003_001,FIELD_003,29.44,66.7,1.619,7.0,2026-01-16 09:50:41,0,116.398127,39.908919,51.87
DEVICE_FIELD_003_001,FIELD_003,24.1,75.21,1.565,6.73,2026-01-16 10:50:41,0,116.396821,39.911146,59.61
DEVICE_FIELD_003_001,FIELD_003,24.44,72.99,1.59,7.1,2026-01-16 11:50:41,0,116.39785,39.909558,55.89
DEVICE_FIELD_003_001,FIELD_003,25.95,76.36,1.818,7.13,2026-01-16 12:50:41,0,116.396659,39.909183,44.87
DEVICE_FIELD_003_001,FIELD_003,19.22,76.43,1.875,6.81,2026-01-16 13:50:41,0,116.398276,39.910803,54.74
DEVICE_FIELD_003_001,FIELD_003,19.41,73.26,1.605,6.97,2026-01-16 14:50:41,0,116.396981,39.909799,39.86
DEVICE_FIELD_003_001,FIELD_003,17.4,72.25,1.58,6.81,2026-01-16 15:50:41,0,116.39678,39.909074,46.43
DEVICE_FIELD_003_001,FIELD_003,16.46,67.49,1.64,6.95,2026-01-16 16:50:41,0,116.397955,39.909562,43.29
DEVICE_FIELD_003_001,FIELD_003,14.63,72.79,1.664,6.86,2026-01-16 17:50:41,0,116.397219,39.911826,40.89
DEVICE_FIELD_003_001,FIELD_003,11.32,70.12,1.664,6.8,2026-01-16 18:50:41,0,116.398396,39.910141,58.7
DEVICE_FIELD_003_001,FIELD_003,14.78,70.84,1.425,6.97,2026-01-16 19:50:41,0,116.396481,39.909717,55.34
DEVICE_FIELD_003_001,FIELD_003,15.15,74.86,1.655,6.8,2026-01-16 20:50:41,0,116.398115,39.909822,41.62
DEVICE_FIELD_003_001,FIELD_003,20.31,68.4,1.593,7.07,2026-01-16 21:50:41,0,116.399401,39.908343,50.67
DEVICE_FIELD_003_001,FIELD_003,19.18,75.11,1.625,6.38,2026-01-16 22:50:41,0,116.397703,39.908544,44.22
DEVICE_FIELD_003_001,FIELD_003,23.17,81.11,1.617,6.85,2026-01-16 23:50:41,0,116.396416,39.910447,49.37
DEVICE_FIELD_003_001,FIELD_003,20.35,67.45,1.362,6.6,2026-01-17 00:50:41,0,116.396642,39.909766,50.26
DEVICE_FIELD_003_001,FIELD_003,4.84,79.97,-0.065,6.43,2026-01-17 01:50:41,1,116.398513,39.908514,53.98
DEVICE_FIELD_003_001,FIELD_003,26.27,78.02,1.768,7.04,2026-01-17 02:50:41,0,116.397658,39.908709,55.64
DEVICE_FIELD_003_001,FIELD_003,28.32,72.79,1.309,7.15,2026-01-17 03:50:41,0,116.39603,39.909852,46.8
DEVICE_FIELD_003_001,FIELD_003,27.81,61.75,1.476,6.97,2026-01-17 04:50:41,0,116.397302,39.908827,44.6
DEVICE_FIELD_003_001,FIELD_003,30.42,70.08,1.684,6.81,2026-01-17 05:50:41,0,116.397617,39.908348,49.56
DEVICE_FIELD_003_001,FIELD_003,31.33,71.98,1.7,7.32,2026-01-17 06:50:41,0,116.396433,39.908487,52.59
DEVICE_FIELD_003_001,FIELD_003,27.6,68.77,1.617,7.08,2026-01-17 07:50:41,0,116.398416,39.908729,45.5
DEVICE_FIELD_003_001,FIELD_003,31.37,58.32,1.539,6.95,2026-01-17 08:50:41,0,116.398761,39.908389,46.28
DEVICE_FIELD_003_001,FIELD_003,27.69,74.04,1.674,6.86,2026-01-17 09:50:41,0,116.395656,39.909943,54.47
DEVICE_FIELD_003_001,FIELD_003,24.84,75.11,1.572,6.98,2026-01-17 10:50:41,0,116.396177,39.908955,53.81
DEVICE_FIELD_003_001,FIELD_003,25.82,62.64,1.501,7.12,2026-01-17 11:50:41,0,116.396742,39.909157,54.07
DEVICE_FIELD_003_001,FIELD_003,22.32,79.75,1.609,7.44,2026-01-17 12:50:41,0,116.396679,39.908757,45.85
DEVICE_FIELD_003_001,FIELD_003,21.28,71.76,1.819,7.03,2026-01-17 13:50:41,0,116.397404,39.908337,48.02
DEVICE_FIELD_003_001,FIELD_003,20.06,77.3,1.597,7.2,2026-01-17 14:50:41,0,116.398612,39.908447,59.79
DEVICE_FIELD_003_001,FIELD_003,18.14,73.7,1.838,7.11,2026-01-17 15:50:41,0,116.39703,39.907577,51.24
DEVICE_FIELD_003_001,FIELD_003,18.81,77.43,1.693,6.98,2026-01-17 16:50:41,0,116.396685,39.909801,53.06
DEVICE_FIELD_003_001,FIELD_003,14.11,80.88,1.719,6.69,2026-01-17 17:50:41,0,116.396962,39.911412,54.77
DEVICE_FIELD_003_001,FIELD_003,17.72,76.17,1.556,6.44,2026-01-17 18:50:41,0,116.397376,39.910338,56.34
DEVICE_FIELD_003_001,FIELD_003,16.12,75.36,1.68,7.2,2026-01-17 19:50:41,0,116.397771,39.909915,45.83
DEVICE_FIELD_003_001,FIELD_003,15.94,78.88,1.623,7.06,2026-01-17 20:50:41,0,116.39865,39.907951,46.21
DEVICE_FIELD_003_001,FIELD_003,18.98,83.05,1.669,6.94,2026-01-17 21:50:41,0,116.396208,39.911111,50.2
DEVICE_FIELD_003_001,FIELD_003,22.49,75.61,1.702,6.67,2026-01-17 22:50:41,0,116.396359,39.909094,48.81
DEVICE_FIELD_003_001,FIELD_003,22.13,82.91,1.643,6.87,2026-01-17 23:50:41,0,116.397062,39.910169,52.27
DEVICE_FIELD_003_001,FIELD_003,23.95,70.23,1.444,6.93,2026-01-18 00:50:41,0,116.396964,39.90868,43.08
DEVICE_FIELD_003_001,FIELD_003,25.15,69.42,1.617,6.85,2026-01-18 01:50:41,0,116.397419,39.907291,52.22
DEVICE_FIELD_003_001,FIELD_003,25.08,69.07,1.53,7.08,2026-01-18 02:50:41,0,116.395664,39.909137,46.49
DEVICE_FIELD_003_001,FIELD_003,30.64,66.46,1.605,6.79,2026-01-18 03:50:41,0,116.398788,39.908473,56.58
DEVICE_FIELD_003_001,FIELD_003,33.5,74.51,1.642,6.94,2026-01-18 04:50:41,0,116.396615,39.91057,55.73
DEVICE_FIELD_003_001,FIELD_003,30.03,71.21,1.56,7.07,2026-01-18 05:50:41,0,116.398211,39.909913,57.38
DEVICE_FIELD_003_001,FIELD_003,29.51,69.48,1.651,6.86,2026-01-18 06:50:41,0,116.397348,39.908541,47.94
DEVICE_FIELD_003_001,FIELD_003,31.64,67.27,1.506,6.84,2026-01-18 07:50:41,0,116.396155,39.907915,51.56
DEVICE_FIELD_003_001,FIELD_003,28.95,64.27,1.539,6.99,2026-01-18 08:50:41,0,116.39733,39.909208,54.13
DEVICE_FIELD_003_001,FIELD_003,30.42,63.68,1.445,6.77,2026-01-18 09:50:41,0,116.397036,39.909481,48.83
DEVICE_FIELD_003_001,FIELD_003,27.63,76.59,1.577,6.91,2026-01-18 10:50:41,0,116.397726,39.908806,48.12
DEVICE_FIELD_003_001,FIELD_003,24.86,78.5,1.7,6.97,2026-01-18 11:50:41,0,116.398683,39.909758,38.22
DEVICE_FIELD_003_001,FIELD_003,22.8,79.4,-0.222,7.33,2026-01-18 12:50:41,1,116.396807,39.909508,45.19
DEVICE_FIELD_003_001,FIELD_003,21.7,67.12,1.516,6.88,2026-01-18 13:50:41,0,116.399185,39.911288,51.79
DEVICE_FIELD_003_001,FIELD_003,13.69,85.03,1.626,7.39,2026-01-18 14:50:41,0,116.39858,39.908601,43.34
DEVICE_FIELD_003_001,FIELD_003,20.42,66.96,1.59,6.74,2026-01-18 15:50:41,0,116.394843,39.908803,47.85
DEVICE_FIELD_003_001,FIELD_003,19.43,72.79,1.701,6.61,2026-01-18 16:50:41,0,116.397599,39.910411,60.81
DEVICE_FIELD_003_001,FIELD_003,16.02,78.56,1.602,6.8,2026-01-18 17:50:41,0,116.396308,39.910418,47.5
DEVICE_FIELD_003_001,FIELD_003,15.73,80.83,1.701,6.96,2026-01-18 18:50:41,0,116.396363,39.909045,43.8
DEVICE_FIELD_003_001,FIELD_003,40.09,39.39,0.712,7.67,2026-01-18 19:50:41,1,116.397187,39.908275,51.01
DEVICE_FIELD_003_001,FIELD_003,18.44,74.73,1.657,6.78,2026-01-18 20:50:41,0,116.398277,39.9084,50.52
DEVICE_FIELD_003_001,FIELD_003,32.78,80.06,1.54,5.64,2026-01-18 21:50:41,1,116.39915,39.909943,59.42
DEVICE_FIELD_003_001,FIELD_003,17.88,69.93,1.524,6.57,2026-01-18 22:50:41,0,116.397795,39.907862,57.64
DEVICE_FIELD_003_001,FIELD_003,20.43,80.63,1.747,6.98,2026-01-18 23:50:41,0,116.397272,39.91179,57.35
DEVICE_FIELD_003_001,FIELD_003,24.34,60.89,1.439,7.2,2026-01-19 00:50:41,0,116.398034,39.909663,51.96
DEVICE_FIELD_003_001,FIELD_003,28.31,68.89,3.934,5.11,2026-01-19 01:50:41,1,116.398821,39.909822,53.45
DEVICE_FIELD_003_001,FIELD_003,25.85,71.89,1.679,7.05,2026-01-19 02:50:41,0,116.396704,39.908614,48.17
DEVICE_FIELD_003_001,FIELD_003,27.46,65.03,1.606,6.98,2026-01-19 03:50:41,0,116.398593,39.909015,48.59
DEVICE_FIELD_003_001,FIELD_003,28.73,66.4,1.655,7.19,2026-01-19 04:50:41,0,116.397677,39.909446,49.62
DEVICE_FIELD_003_001,FIELD_003,31.68,66.42,1.607,6.66,2026-01-19 05:50:41,0,116.397518,39.908535,53.04
DEVICE_FIELD_003_001,FIELD_003,31.53,70.68,1.575,6.92,2026-01-19 06:50:41,0,116.395956,39.911101,50.18
DEVICE_FIELD_003_001,FIELD_003,28.4,69.87,1.611,6.77,2026-01-19 07:50:41,0,116.397942,39.909185,52.34
DEVICE_FIELD_003_001,FIELD_003,29.92,62.84,1.613,6.96,2026-01-19 08:50:41,0,116.397399,39.910064,56.13
DEVICE_FIELD_003_001,FIELD_003,25.56,71.23,1.675,7.15,2026-01-19 09:50:41,0,116.397551,39.90794,45.16
DEVICE_FIELD_003_001,FIELD_003,29.89,71.8,1.603,7.0,2026-01-19 10:50:41,0,116.398622,39.910129,48.61
DEVICE_FIELD_003_001,FIELD_003,21.89,73.11,1.54,7.39,2026-01-19 11:50:41,0,116.397284,39.909704,42.61
DEVICE_FIELD_003_001,FIELD_003,23.67,80.16,1.787,6.94,2026-01-19 12:50:41,0,116.398018,39.909789,50.22
DEVICE_FIELD_003_001,FIELD_003,21.5,74.35,1.663,7.02,2026-01-19 13:50:41,0,116.397615,39.910633,39.0
DEVICE_FIELD_003_001,FIELD_003,17.55,77.42,1.605,7.14,2026-01-19 14:50:41,0,116.397786,39.91031,56.49
DEVICE_FIELD_003_001,FIELD_003,16.56,70.65,1.33,7.04,2026-01-19 15:50:41,0,116.398784,39.910304,47.33
